transaction_id,user_id,merchant_name,transaction_date,amount,currency,status,payment_method,region,risk_score,amount_usd,merchant_id,category,contract_value,high_value_flag,high_risk_flag
TXN00001,U0131,Amazon Payments,2024-06-12,1507.8,INR,failed,credit_card,APAC,48.0,18.09,M002,E-commerce,800000,0,0
TXN00002,U0137,Razorpay,2024-01-29,9130.36,CAD,captured,bnpl,APAC,15.0,6756.47,M005,Payments,350000,1,0
TXN00003,U0126,Stripe Ltd,2024-01-07,4050.24,JPY,refunded,upi,APAC,17.0,27.14,M003,Payments,600000,0,0
TXN00004,U0182,Stripe Ltd,2024-03-11,2838.83,EUR,chargeback,upi,,57.0,3065.94,M003,Payments,600000,0,1
TXN00005,U0145,Stripe Ltd,2024-03-03,608.87,INR,captured,upi,APAC,41.0,7.31,M003,Payments,600000,0,0
TXN00006,U0077,PayU India,2024-02-27,608.79,CAD,captured,bank_transfer,APAC,82.0,450.5,M004,Payments,300000,0,1
TXN00007,U0122,Adyen NV,2024-02-05,279.52,EUR,refunded,credit_card,APAC,33.0,301.88,M007,Payments,550000,0,0
TXN00008,U0005,Shopify Inc,2024-01-27,6133.69,USD,failed,bank_transfer,US,20.0,6133.69,M001,E-commerce,500000,0,0
TXN00009,U0095,Razorpay,2024-06-22,2857.25,AUD,chargeback,debit_card,US,58.0,1857.21,M005,Payments,350000,0,1
TXN00010,U0085,PayU India,2024-05-19,3793.75,AUD,captured,debit_card,US,40.0,2465.94,M004,Payments,300000,0,0
TXN00011,U0173,Shopify Inc,2024-01-23,162.4,GBP,chargeback,upi,US,84.0,206.25,M001,E-commerce,500000,0,1
TXN00012,U0029,Square Inc,2024-05-31,10610.67,JPY,refunded,upi,US,69.0,71.09,M006,POS,400000,0,0
TXN00013,U0107,Klarna AB,2024-04-18,5459.29,JPY,captured,upi,US,68.0,36.58,M008,BNPL,450000,0,0
TXN00014,U0150,Stripe Ltd,2024-01-09,816.06,AUD,refunded,credit_card,APAC,11.0,530.44,M003,Payments,600000,0,0
TXN00015,U0079,Shopify Inc,2024-01-08,702.04,GBP,chargeback,credit_card,APAC,69.0,891.59,M001,E-commerce,500000,0,1
TXN00016,U0186,Stripe Ltd,2024-01-24,707.83,CAD,failed,upi,APAC,96.0,523.79,M003,Payments,600000,0,1
TXN00017,U0177,Razorpay,2024-02-25,1188.26,EUR,pending,credit_card,US,19.0,1283.32,M005,Payments,350000,0,0
TXN00018,U0162,Klarna AB,2024-02-29,2331.78,USD,captured,wallet,APAC,54.0,2331.78,M008,BNPL,450000,0,0
TXN00019,U0007,Adyen NV,2024-05-09,1796.61,EUR,pending,upi,EU,48.0,1940.34,M007,Payments,550000,0,0
TXN00020,U0153,Adyen NV,2024-06-03,1132.67,USD,captured,wallet,US,64.0,1132.67,M007,Payments,550000,0,0
TXN00022,U0068,Shopify Inc,2024-05-23,550.7,INR,pending,wallet,APAC,35.0,6.61,M001,E-commerce,500000,0,0
TXN00023,U0168,Stripe Ltd,2024-02-20,1136.55,USD,pending,bank_transfer,APAC,71.0,1136.55,M003,Payments,600000,0,1
TXN00025,U0149,Klarna AB,2024-06-28,1926.8,JPY,failed,bank_transfer,APAC,83.0,12.91,M008,BNPL,450000,0,1
TXN00026,U0148,Klarna AB,2024-05-19,4713.81,SGD,refunded,upi,APAC,99.0,3488.22,M008,BNPL,450000,0,1
TXN00027,U0059,Square Inc,2024-04-17,768.21,JPY,pending,upi,US,94.0,5.15,M006,POS,400000,0,1
TXN00028,U0185,Stripe Ltd,2024-02-26,2266.09,JPY,chargeback,bank_transfer,US,11.0,15.18,M003,Payments,600000,0,1
TXN00029,U0014,Square Inc,2024-04-24,2792.51,JPY,captured,credit_card,EU,97.0,18.71,M006,POS,400000,0,1
TXN00030,U0150,Stripe Ltd,2024-05-30,242.69,EUR,captured,debit_card,EU,16.0,262.11,M003,Payments,600000,0,0
TXN00031,U0123,PayU India,2024-03-12,2906.0,GBP,chargeback,wallet,US,73.0,3690.62,M004,Payments,300000,0,1
TXN00032,U0044,PayU India,2024-01-02,660.88,SGD,chargeback,bank_transfer,APAC,46.0,489.05,M004,Payments,300000,0,1
TXN00033,U0135,Shopify Inc,2024-02-10,301.79,EUR,pending,debit_card,EU,39.0,325.93,M001,E-commerce,500000,0,0
TXN00034,U0162,Stripe Ltd,2024-06-27,9021.06,SGD,pending,upi,EU,55.0,6675.58,M003,Payments,600000,1,0
TXN00035,U0185,Stripe Ltd,2024-04-18,10211.89,EUR,captured,upi,APAC,34.0,11028.84,M003,Payments,600000,1,0
TXN00036,U0159,Klarna AB,2024-03-28,5056.99,INR,chargeback,bnpl,APAC,96.0,60.68,M008,BNPL,450000,0,1
TXN00037,U0199,Amazon Payments,2024-03-12,1189.86,GBP,chargeback,bnpl,US,94.0,1511.12,M002,E-commerce,800000,0,1
TXN00038,U0098,Klarna AB,2024-02-09,408.33,AUD,refunded,bank_transfer,APAC,27.0,265.41,M008,BNPL,450000,0,0
TXN00039,U0038,Square Inc,2024-02-25,3558.25,JPY,failed,credit_card,EU,90.0,23.84,M006,POS,400000,0,1
TXN00040,U0175,Stripe Ltd,2024-03-27,1840.27,,pending,bank_transfer,APAC,49.0,1840.27,M003,Payments,600000,0,0
TXN00041,U0063,Klarna AB,2024-01-27,490.46,SGD,chargeback,wallet,EU,14.0,362.94,M008,BNPL,450000,0,1
TXN00042,U0009,Adyen NV,2024-01-24,2150.64,JPY,pending,bnpl,APAC,26.0,14.41,M007,Payments,550000,0,0
TXN00043,U0147,Klarna AB,2024-04-07,204.98,INR,pending,debit_card,US,75.0,2.46,M008,BNPL,450000,0,1
TXN00044,U0180,Stripe Ltd,2024-01-25,7301.27,USD,captured,credit_card,APAC,63.0,7301.27,M003,Payments,600000,1,0
TXN00045,U0029,Razorpay,2024-04-01,998.37,INR,chargeback,bnpl,US,26.0,11.98,M005,Payments,350000,0,1
TXN00046,U0049,Stripe Ltd,2024-03-29,3358.77,EUR,failed,bank_transfer,US,56.0,3627.47,M003,Payments,600000,0,0
TXN00047,U0005,Square Inc,2024-06-03,1220.64,JPY,failed,wallet,US,44.0,8.18,M006,POS,400000,0,0
TXN00048,U0113,PayU India,2024-03-08,2302.33,EUR,failed,wallet,APAC,42.0,2486.52,M004,Payments,300000,0,0
TXN00049,U0081,PayU India,2024-01-12,2473.67,CAD,refunded,credit_card,APAC,71.0,1830.52,M004,Payments,300000,0,1
TXN00050,U0108,Razorpay,2024-04-27,713.17,USD,chargeback,wallet,APAC,47.0,713.17,M005,Payments,350000,0,1
TXN00051,U0039,Razorpay,2024-05-17,10578.42,SGD,refunded,wallet,US,53.0,7828.03,M005,Payments,350000,1,0
TXN00052,U0106,Square Inc,2024-02-01,4576.74,GBP,refunded,wallet,US,69.0,5812.46,M006,POS,400000,0,0
TXN00054,U0053,PayU India,2024-01-21,6856.46,USD,chargeback,bank_transfer,EU,38.0,6856.46,M004,Payments,300000,1,1
TXN00055,U0106,PayU India,2024-05-21,2833.16,GBP,captured,bnpl,EU,96.0,3598.11,M004,Payments,300000,0,1
TXN00056,U0129,Stripe Ltd,2024-03-16,7748.31,USD,refunded,bnpl,EU,81.0,7748.31,M003,Payments,600000,1,1
TXN00057,U0199,PayU India,2024-06-09,377.97,GBP,refunded,credit_card,EU,60.0,480.02,M004,Payments,300000,0,0
TXN00058,U0157,Square Inc,2024-06-07,754.4,CAD,pending,debit_card,US,55.0,558.26,M006,POS,400000,0,0
TXN00059,U0121,Square Inc,2024-04-02,238.85,AUD,captured,debit_card,APAC,57.0,155.25,M006,POS,400000,0,0
TXN00060,U0189,Razorpay,2024-05-27,1280.6,SGD,failed,wallet,EU,96.0,947.64,M005,Payments,350000,0,1
TXN00061,U0187,Amazon Payments,2024-02-19,1576.39,GBP,failed,bnpl,APAC,58.0,2002.02,M002,E-commerce,800000,0,0
TXN00062,U0016,Klarna AB,2024-01-18,1049.68,AUD,failed,bank_transfer,APAC,57.0,682.29,M008,BNPL,450000,0,0
TXN00063,U0181,Square Inc,2024-01-12,5393.67,GBP,pending,wallet,APAC,39.0,6849.96,M006,POS,400000,1,0
TXN00064,U0036,PayU India,2024-06-18,1423.68,SGD,captured,wallet,EU,89.0,1053.52,M004,Payments,300000,0,1
TXN00065,U0133,Stripe Ltd,2024-02-28,1089.41,EUR,failed,bnpl,US,81.0,1176.56,M003,Payments,600000,0,1
TXN00066,U0054,PayU India,2024-03-15,2447.22,USD,chargeback,bank_transfer,APAC,88.0,2447.22,M004,Payments,300000,0,1
TXN00067,U0144,PayU India,2024-01-21,555.69,AUD,refunded,upi,APAC,18.0,361.2,M004,Payments,300000,0,0
TXN00068,U0084,Razorpay,2024-02-29,4961.45,JPY,pending,bnpl,APAC,69.0,33.24,M005,Payments,350000,0,0
TXN00069,U0170,Shopify Inc,2024-01-26,332.43,SGD,pending,credit_card,US,48.0,246.0,M001,E-commerce,500000,0,0
TXN00070,U0123,Adyen NV,2024-04-07,13102.44,EUR,chargeback,debit_card,APAC,24.0,14150.64,M007,Payments,550000,1,1
TXN00071,U0135,Stripe Ltd,2024-03-12,4538.45,SGD,failed,bank_transfer,APAC,14.0,3358.45,M003,Payments,600000,0,0
TXN00072,U0097,Klarna AB,2024-04-26,764.62,EUR,chargeback,debit_card,EU,73.0,825.79,M008,BNPL,450000,0,1
TXN00073,U0081,Amazon Payments,2024-06-11,116.61,CAD,pending,bank_transfer,US,40.0,86.29,M002,E-commerce,800000,0,0
TXN00074,U0045,Shopify Inc,2024-04-03,5169.69,CAD,chargeback,bnpl,APAC,27.0,3825.57,M001,E-commerce,500000,0,1
TXN00075,U0118,Stripe Ltd,2024-02-11,3781.29,AUD,pending,bank_transfer,US,57.0,2457.84,M003,Payments,600000,0,0
TXN00076,U0137,Square Inc,2024-04-04,4016.99,USD,chargeback,upi,US,99.0,4016.99,M006,POS,400000,0,1
TXN00077,U0088,Adyen NV,2024-03-31,4525.64,CAD,captured,wallet,APAC,63.0,3348.97,M007,Payments,550000,0,0
TXN00078,U0140,Adyen NV,2024-02-23,330.79,GBP,failed,credit_card,APAC,29.0,420.1,M007,Payments,550000,0,0
TXN00079,U0091,Klarna AB,2024-06-20,1431.68,AUD,failed,upi,US,93.0,930.59,M008,BNPL,450000,0,1
TXN00080,U0174,Razorpay,2024-03-09,469.45,GBP,refunded,debit_card,APAC,55.0,596.2,M005,Payments,350000,0,0
TXN00081,U0198,PayU India,2024-06-28,6065.59,SGD,pending,credit_card,APAC,45.0,4488.54,M004,Payments,300000,0,0
TXN00082,U0185,Amazon Payments,2024-06-23,3028.9,EUR,chargeback,wallet,US,75.0,3271.21,M002,E-commerce,800000,0,1
TXN00083,U0175,Stripe Ltd,2024-06-14,1305.46,EUR,captured,bnpl,US,66.0,1409.9,M003,Payments,600000,0,0
TXN00084,U0165,PayU India,2024-01-19,297.0,INR,refunded,upi,EU,56.0,3.56,M004,Payments,300000,0,0
TXN00085,U0178,Stripe Ltd,2024-06-04,1217.47,USD,chargeback,bank_transfer,APAC,75.0,1217.47,M003,Payments,600000,0,1
TXN00086,U0068,Razorpay,2024-06-11,1279.94,USD,chargeback,debit_card,APAC,92.0,1279.94,M005,Payments,350000,0,1
TXN00087,U0157,Adyen NV,2024-02-13,4023.63,USD,refunded,upi,EU,60.0,4023.63,M007,Payments,550000,0,0
TXN00088,U0124,Stripe Ltd,2024-05-16,3144.67,INR,failed,upi,APAC,25.0,37.74,M003,Payments,600000,0,0
TXN00089,U0050,Square Inc,2024-03-03,6646.76,USD,refunded,credit_card,EU,68.0,6646.76,M006,POS,400000,1,0
TXN00090,U0064,Square Inc,2024-02-11,2017.2,,chargeback,debit_card,EU,50.0,2017.2,M006,POS,400000,0,1
TXN00091,U0072,Adyen NV,2024-04-28,482.12,AUD,chargeback,debit_card,US,86.0,313.38,M007,Payments,550000,0,1
TXN00092,U0143,Klarna AB,2024-04-07,3847.38,JPY,captured,debit_card,EU,16.0,25.78,M008,BNPL,450000,0,0
TXN00093,U0077,PayU India,2024-03-10,4391.18,GBP,chargeback,credit_card,APAC,41.0,5576.8,M004,Payments,300000,1,1
TXN00094,U0058,Stripe Ltd,2024-06-12,2571.66,GBP,captured,debit_card,EU,82.0,3266.01,M003,Payments,600000,0,1
TXN00095,U0077,Square Inc,2024-06-25,4521.67,USD,failed,credit_card,APAC,80.0,4521.67,M006,POS,400000,0,1
TXN00096,U0198,Klarna AB,2024-05-22,2142.44,JPY,captured,bank_transfer,APAC,37.0,14.35,M008,BNPL,450000,0,0
TXN00097,U0074,Adyen NV,2024-02-26,2319.04,INR,failed,credit_card,EU,39.0,27.83,M007,Payments,550000,0,0
TXN00098,U0181,Klarna AB,2024-06-24,1773.44,AUD,failed,wallet,APAC,28.0,1152.74,M008,BNPL,450000,0,0
TXN00099,U0054,Square Inc,2024-03-24,177.24,INR,captured,bnpl,US,86.0,2.13,M006,POS,400000,0,1
TXN00100,U0177,Razorpay,2024-01-15,442.5,JPY,captured,debit_card,US,50.0,2.96,M005,Payments,350000,0,0
TXN00101,U0181,Amazon Payments,2024-02-28,195.8,AUD,failed,wallet,EU,79.0,127.27,M002,E-commerce,800000,0,1
TXN00102,U0126,Klarna AB,2024-01-09,3135.19,SGD,chargeback,wallet,US,32.0,2320.04,M008,BNPL,450000,0,1
TXN00103,U0082,PayU India,2024-03-21,1232.19,EUR,captured,bank_transfer,EU,13.0,1330.77,M004,Payments,300000,0,0
TXN00104,U0123,Amazon Payments,2024-04-12,2231.31,AUD,pending,upi,EU,55.0,1450.35,M002,E-commerce,800000,0,0
TXN00105,U0090,Amazon Payments,2024-03-09,7243.8,EUR,pending,bank_transfer,EU,40.0,7823.3,M002,E-commerce,800000,1,0
TXN00106,U0144,Klarna AB,2024-01-17,960.22,USD,pending,bnpl,APAC,12.0,960.22,M008,BNPL,450000,0,0
TXN00107,U0185,Square Inc,2024-02-24,1684.85,GBP,chargeback,credit_card,APAC,16.0,2139.76,M006,POS,400000,0,1
TXN00108,U0071,Square Inc,2024-05-25,4326.25,INR,captured,bnpl,EU,63.0,51.91,M006,POS,400000,0,0
TXN00109,U0074,Amazon Payments,2024-03-21,879.42,USD,chargeback,credit_card,US,18.0,879.42,M002,E-commerce,800000,0,1
TXN00110,U0032,Square Inc,2024-02-24,340.31,JPY,pending,debit_card,US,56.0,2.28,M006,POS,400000,0,0
TXN00111,U0147,Adyen NV,2024-06-16,1126.42,EUR,pending,wallet,US,23.0,1216.53,M007,Payments,550000,0,0
TXN00112,U0174,Shopify Inc,2024-05-07,627.43,CAD,captured,bank_transfer,APAC,38.0,464.3,M001,E-commerce,500000,0,0
TXN00113,U0140,Square Inc,2024-04-11,8064.85,SGD,pending,upi,US,15.0,5967.99,M006,POS,400000,0,0
TXN00114,U0098,Shopify Inc,2024-06-13,5052.66,SGD,chargeback,bank_transfer,APAC,94.0,3738.97,M001,E-commerce,500000,0,1
TXN00115,U0102,Shopify Inc,2024-04-27,3110.48,AUD,pending,,US,68.0,2021.81,M001,E-commerce,500000,0,0
TXN00116,U0089,Klarna AB,2024-02-06,6254.56,EUR,chargeback,bank_transfer,EU,13.0,6754.92,M008,BNPL,450000,1,1
TXN00117,U0198,Shopify Inc,2024-03-08,4983.91,CAD,refunded,upi,EU,55.0,3688.09,M001,E-commerce,500000,0,0
TXN00118,U0038,Shopify Inc,2024-02-05,719.49,USD,chargeback,upi,EU,64.0,719.49,M001,E-commerce,500000,0,1
TXN00119,U0075,Razorpay,2024-03-04,6792.44,AUD,refunded,wallet,US,72.0,4415.09,M005,Payments,350000,0,1
TXN00120,U0011,Amazon Payments,2024-05-23,2425.3,INR,captured,wallet,APAC,66.0,29.1,M002,E-commerce,800000,0,0
TXN00121,U0074,Adyen NV,2024-05-17,5042.04,SGD,pending,debit_card,EU,25.0,3731.11,M007,Payments,550000,0,0
TXN00122,U0183,Stripe Ltd,2024-03-08,6892.73,SGD,captured,wallet,APAC,28.0,5100.62,M003,Payments,600000,1,0
TXN00123,U0021,Shopify Inc,2024-05-29,1248.19,INR,pending,bnpl,EU,75.0,14.98,M001,E-commerce,500000,0,1
TXN00124,U0089,Klarna AB,2024-04-19,449.78,CAD,failed,bnpl,EU,84.0,332.84,M008,BNPL,450000,0,1
TXN00125,U0114,Amazon Payments,2024-05-29,876.06,AUD,captured,credit_card,US,51.0,569.44,M002,E-commerce,800000,0,0
TXN00126,U0168,Shopify Inc,2024-04-12,1771.17,CAD,captured,wallet,APAC,86.0,1310.67,M001,E-commerce,500000,0,1
TXN00127,U0066,Stripe Ltd,2024-04-02,5211.49,INR,failed,credit_card,US,68.0,62.54,M003,Payments,600000,0,0
TXN00128,U0192,Square Inc,2024-02-26,6014.03,INR,refunded,bank_transfer,US,65.0,72.17,M006,POS,400000,0,0
TXN00129,U0123,Razorpay,2024-02-05,120.93,GBP,pending,,APAC,25.0,153.58,M005,Payments,350000,0,0
TXN00130,U0055,PayU India,2024-05-10,2244.63,USD,chargeback,debit_card,APAC,93.0,2244.63,M004,Payments,300000,0,1
TXN00131,U0052,Shopify Inc,2024-05-06,1720.82,JPY,captured,upi,APAC,80.0,11.53,M001,E-commerce,500000,0,1
TXN00132,U0138,Adyen NV,2024-01-24,853.5,USD,refunded,debit_card,US,37.0,853.5,M007,Payments,550000,0,0
TXN00133,U0070,Adyen NV,2024-01-13,483.04,INR,failed,debit_card,APAC,39.0,5.8,M007,Payments,550000,0,0
TXN00134,U0144,Klarna AB,2024-01-29,1335.73,AUD,captured,bnpl,US,68.0,868.22,M008,BNPL,450000,0,0
TXN00136,U0070,Square Inc,2024-06-09,1271.15,AUD,captured,bnpl,US,50.0,826.25,M006,POS,400000,0,0
TXN00137,U0036,Klarna AB,2024-02-10,2294.36,USD,failed,debit_card,APAC,57.0,2294.36,M008,BNPL,450000,0,0
TXN00138,U0028,Square Inc,2024-06-23,3742.26,JPY,refunded,wallet,APAC,97.0,25.07,M006,POS,400000,0,1
TXN00139,U0158,Shopify Inc,2024-04-18,1455.92,SGD,pending,bnpl,APAC,18.0,1077.38,M001,E-commerce,500000,0,0
TXN00140,U0190,Shopify Inc,2024-06-01,10803.39,EUR,pending,bank_transfer,APAC,25.0,11667.66,M001,E-commerce,500000,1,0
TXN00142,U0062,Square Inc,2024-04-08,970.18,INR,chargeback,credit_card,US,57.0,11.64,M006,POS,400000,0,1
TXN00143,U0063,Razorpay,2024-04-07,2162.98,JPY,pending,bnpl,US,81.0,14.49,M005,Payments,350000,0,1
TXN00144,U0013,Shopify Inc,2024-06-01,1173.79,CAD,pending,credit_card,US,55.0,868.6,M001,E-commerce,500000,0,0
TXN00145,U0172,Shopify Inc,2024-04-29,1105.75,USD,chargeback,bank_transfer,APAC,95.0,1105.75,M001,E-commerce,500000,0,1
TXN00146,U0136,Square Inc,2024-05-15,212.75,GBP,pending,debit_card,EU,55.0,270.19,M006,POS,400000,0,0
TXN00147,U0058,Klarna AB,2024-03-05,2921.48,SGD,pending,bnpl,APAC,64.0,2161.9,M008,BNPL,450000,0,0
TXN00148,U0164,Stripe Ltd,2024-05-21,2195.56,EUR,chargeback,debit_card,APAC,16.0,2371.2,M003,Payments,600000,0,1
TXN00149,U0060,Square Inc,2024-01-03,258.55,USD,refunded,upi,APAC,86.0,258.55,M006,POS,400000,0,1
TXN00150,U0014,PayU India,2024-06-23,1079.88,INR,pending,credit_card,EU,23.0,12.96,M004,Payments,300000,0,0
TXN00151,U0026,Shopify Inc,2024-01-30,7266.58,JPY,pending,debit_card,EU,37.0,48.69,M001,E-commerce,500000,0,0
TXN00152,U0106,Square Inc,2024-06-23,921.58,AUD,captured,wallet,APAC,71.0,599.03,M006,POS,400000,0,1
TXN00153,U0085,Klarna AB,2024-05-17,569.59,CAD,captured,upi,EU,23.0,421.5,M008,BNPL,450000,0,0
TXN00154,U0184,Klarna AB,2024-03-09,2116.82,EUR,chargeback,wallet,EU,81.0,2286.17,M008,BNPL,450000,0,1
TXN00155,U0121,Razorpay,2024-06-13,12832.11,EUR,captured,bnpl,APAC,45.0,13858.68,M005,Payments,350000,1,0
TXN00156,U0026,Amazon Payments,2024-03-28,931.43,GBP,refunded,bnpl,US,64.0,1182.92,M002,E-commerce,800000,0,0
TXN00157,U0175,Amazon Payments,2024-01-29,3445.47,JPY,refunded,bnpl,US,89.0,23.08,M002,E-commerce,800000,0,1
TXN00158,U0198,Amazon Payments,2024-03-16,4401.66,EUR,failed,wallet,APAC,92.0,4753.79,M002,E-commerce,800000,0,1
TXN00159,U0036,Square Inc,2024-04-21,914.0,USD,failed,bank_transfer,APAC,87.0,914.0,M006,POS,400000,0,1
TXN00160,U0002,Amazon Payments,2024-02-10,4008.25,JPY,captured,bank_transfer,EU,98.0,26.86,M002,E-commerce,800000,0,1
TXN00161,U0141,Stripe Ltd,2024-04-26,1475.57,GBP,failed,wallet,APAC,33.0,1873.97,M003,Payments,600000,0,0
TXN00162,U0041,Stripe Ltd,2024-01-01,3101.51,INR,failed,bank_transfer,EU,49.0,37.22,M003,Payments,600000,0,0
TXN00163,U0105,Adyen NV,2024-03-08,3111.51,SGD,pending,wallet,APAC,54.0,2302.52,M007,Payments,550000,0,0
TXN00164,U0168,Square Inc,2024-05-08,2402.16,SGD,failed,debit_card,EU,50.0,1777.6,M006,POS,400000,0,0
TXN00165,U0122,Stripe Ltd,2024-02-15,383.89,AUD,captured,bank_transfer,EU,61.0,249.53,M003,Payments,600000,0,0
TXN00167,U0167,Stripe Ltd,2024-01-28,1260.43,AUD,pending,bnpl,EU,55.0,819.28,M003,Payments,600000,0,0
TXN00168,U0052,Razorpay,2024-06-09,719.3,AUD,chargeback,upi,EU,63.0,467.54,M005,Payments,350000,0,1
TXN00169,U0194,Shopify Inc,2024-03-17,224.89,CAD,chargeback,upi,US,30.0,166.42,M001,E-commerce,500000,0,1
TXN00170,U0074,PayU India,2024-06-12,2781.34,SGD,refunded,bank_transfer,US,51.0,2058.19,M004,Payments,300000,0,0
TXN00171,U0083,Razorpay,2024-05-09,3495.56,INR,refunded,upi,APAC,82.0,41.95,M005,Payments,350000,0,1
TXN00172,U0074,Razorpay,2024-06-04,150.18,EUR,pending,credit_card,APAC,16.0,162.19,M005,Payments,350000,0,0
TXN00173,U0166,Adyen NV,2024-02-20,2252.89,INR,pending,credit_card,EU,89.0,27.03,M007,Payments,550000,0,1
TXN00174,U0016,Stripe Ltd,2024-02-09,870.47,GBP,pending,upi,US,25.0,1105.5,M003,Payments,600000,0,0
TXN00175,U0197,Klarna AB,2024-04-05,3208.37,EUR,captured,bnpl,EU,94.0,3465.04,M008,BNPL,450000,0,1
TXN00176,U0023,Stripe Ltd,2024-02-11,674.81,GBP,chargeback,wallet,APAC,87.0,857.01,M003,Payments,600000,0,1
TXN00177,U0167,PayU India,2024-05-18,3622.64,EUR,captured,upi,,44.0,3912.45,M004,Payments,300000,0,0
TXN00178,U0147,Klarna AB,2024-05-15,1566.88,GBP,failed,bnpl,APAC,75.0,1989.94,M008,BNPL,450000,0,1
TXN00179,U0060,Shopify Inc,2024-01-01,8381.03,CAD,refunded,upi,APAC,65.0,6201.96,M001,E-commerce,500000,1,0
TXN00180,U0137,Adyen NV,2024-06-02,543.83,CAD,pending,upi,EU,96.0,402.43,M007,Payments,550000,0,1
TXN00181,U0190,Adyen NV,2024-03-23,1351.4,AUD,refunded,,APAC,72.0,878.41,M007,Payments,550000,0,1
TXN00182,U0186,Shopify Inc,2024-05-05,461.33,JPY,failed,wallet,US,49.0,3.09,M001,E-commerce,500000,0,0
TXN00183,U0010,Shopify Inc,2024-01-05,7858.57,EUR,pending,bnpl,APAC,55.0,8487.26,M001,E-commerce,500000,1,0
TXN00184,U0045,Razorpay,2024-01-29,6395.0,AUD,refunded,credit_card,US,17.0,4156.75,M005,Payments,350000,0,0
TXN00185,U0107,Razorpay,2024-04-02,994.98,INR,refunded,bank_transfer,US,75.0,11.94,M005,Payments,350000,0,1
TXN00186,U0046,Razorpay,2024-03-19,3336.29,CAD,captured,credit_card,APAC,27.0,2468.85,M005,Payments,350000,0,0
TXN00187,U0010,Square Inc,2024-03-02,5198.45,SGD,refunded,wallet,US,47.0,3846.85,M006,POS,400000,0,0
TXN00188,U0102,Square Inc,2024-01-15,2530.4,,chargeback,wallet,US,10.0,2530.4,M006,POS,400000,0,1
TXN00189,U0127,Shopify Inc,2024-03-02,2362.84,SGD,pending,bnpl,US,65.0,1748.5,M001,E-commerce,500000,0,0
TXN00190,U0048,Adyen NV,2024-05-25,930.63,EUR,pending,wallet,EU,58.0,1005.08,M007,Payments,550000,0,0
TXN00191,U0192,Shopify Inc,2024-01-21,393.18,EUR,failed,wallet,EU,39.0,424.63,M001,E-commerce,500000,0,0
TXN00192,U0075,Klarna AB,2024-01-22,6925.37,GBP,pending,wallet,US,95.0,8795.22,M008,BNPL,450000,1,1
TXN00193,U0010,Amazon Payments,2024-05-04,7020.32,,captured,,EU,19.0,7020.32,M002,E-commerce,800000,1,0
TXN00194,U0003,Shopify Inc,2024-01-18,3108.01,,chargeback,bnpl,EU,15.0,3108.01,M001,E-commerce,500000,0,1
TXN00195,U0077,Square Inc,2024-05-16,1342.14,INR,refunded,bnpl,US,68.0,16.11,M006,POS,400000,0,0
TXN00196,U0146,Razorpay,2024-02-02,1388.7,AUD,chargeback,wallet,US,50.0,902.66,M005,Payments,350000,0,1
TXN00197,U0155,Adyen NV,2024-02-02,3983.4,GBP,refunded,debit_card,EU,83.0,5058.92,M007,Payments,550000,0,1
TXN00198,U0028,PayU India,2024-06-17,6922.29,EUR,failed,debit_card,EU,91.0,7476.07,M004,Payments,300000,1,1
TXN00199,U0086,Adyen NV,2024-05-01,6643.4,INR,failed,upi,APAC,24.0,79.72,M007,Payments,550000,0,0
TXN00200,U0073,Amazon Payments,2024-05-20,4640.69,AUD,refunded,debit_card,US,51.0,3016.45,M002,E-commerce,800000,0,0
TXN00201,U0117,Square Inc,2024-02-12,3181.93,JPY,captured,credit_card,EU,89.0,21.32,M006,POS,400000,0,1
TXN00202,U0165,Shopify Inc,2024-03-08,363.68,USD,pending,upi,APAC,98.0,363.68,M001,E-commerce,500000,0,1
TXN00203,U0140,Stripe Ltd,2024-05-15,628.88,SGD,failed,bank_transfer,US,21.0,465.37,M003,Payments,600000,0,0
TXN00204,U0135,Stripe Ltd,2024-06-04,6964.69,SGD,failed,bnpl,APAC,23.0,5153.87,M003,Payments,600000,1,0
TXN00205,U0127,Klarna AB,2024-04-18,2897.48,GBP,refunded,wallet,EU,85.0,3679.8,M008,BNPL,450000,0,1
TXN00206,U0035,Adyen NV,2024-02-24,127.72,USD,refunded,bnpl,APAC,20.0,127.72,M007,Payments,550000,0,0
TXN00207,U0130,Square Inc,2024-05-18,420.99,JPY,captured,debit_card,APAC,49.0,2.82,M006,POS,400000,0,0
TXN00208,U0120,Stripe Ltd,2024-06-25,3367.49,CAD,pending,,EU,38.0,2491.94,M003,Payments,600000,0,0
TXN00209,U0070,Shopify Inc,2024-02-21,115.22,INR,refunded,credit_card,APAC,31.0,1.38,M001,E-commerce,500000,0,0
TXN00210,U0050,Shopify Inc,2024-03-20,625.95,EUR,captured,bnpl,EU,25.0,676.03,M001,E-commerce,500000,0,0
TXN00211,U0029,Klarna AB,2024-04-12,2487.09,CAD,refunded,bank_transfer,US,34.0,1840.45,M008,BNPL,450000,0,0
TXN00212,U0085,Stripe Ltd,2024-06-20,3631.95,EUR,refunded,wallet,APAC,54.0,3922.51,M003,Payments,600000,0,0
TXN00213,U0042,Square Inc,2024-06-15,3266.32,GBP,failed,wallet,APAC,92.0,4148.23,M006,POS,400000,0,1
TXN00214,U0188,Adyen NV,2024-04-05,861.85,EUR,failed,bank_transfer,APAC,40.0,930.8,M007,Payments,550000,0,0
TXN00215,U0118,Klarna AB,2024-04-22,3836.25,USD,refunded,bank_transfer,EU,42.0,3836.25,M008,BNPL,450000,0,0
TXN00216,U0166,Shopify Inc,2024-05-12,912.47,USD,chargeback,bank_transfer,APAC,87.0,912.47,M001,E-commerce,500000,0,1
TXN00217,U0066,Amazon Payments,2024-04-25,1280.9,INR,chargeback,bnpl,US,93.0,15.37,M002,E-commerce,800000,0,1
TXN00218,U0184,PayU India,2024-01-31,4217.07,GBP,chargeback,credit_card,US,55.0,5355.68,M004,Payments,300000,0,1
TXN00219,U0048,Shopify Inc,2024-03-04,3246.32,INR,failed,upi,EU,82.0,38.96,M001,E-commerce,500000,0,1
TXN00220,U0004,Stripe Ltd,2024-02-27,5775.87,JPY,refunded,bnpl,EU,67.0,38.7,M003,Payments,600000,0,0
TXN00221,U0189,Adyen NV,2024-01-17,3315.44,AUD,chargeback,upi,APAC,82.0,2155.04,M007,Payments,550000,0,1
TXN00222,U0087,Amazon Payments,2024-03-27,2620.13,EUR,chargeback,debit_card,EU,89.0,2829.74,M002,E-commerce,800000,0,1
TXN00223,U0076,Klarna AB,2024-01-06,395.07,SGD,chargeback,wallet,EU,90.0,292.35,M008,BNPL,450000,0,1
TXN00224,U0146,Razorpay,2024-05-30,1475.25,EUR,pending,bnpl,APAC,66.0,1593.27,M005,Payments,350000,0,0
TXN00225,U0173,Shopify Inc,2024-05-21,1024.48,USD,captured,bnpl,EU,55.0,1024.48,M001,E-commerce,500000,0,0
TXN00226,U0194,PayU India,2024-02-28,939.1,EUR,chargeback,debit_card,EU,45.0,1014.23,M004,Payments,300000,0,1
TXN00227,U0050,Amazon Payments,2024-05-30,10936.93,INR,captured,bnpl,EU,55.0,131.24,M002,E-commerce,800000,0,0
TXN00228,U0045,Adyen NV,2024-02-26,1598.16,CAD,refunded,upi,APAC,49.0,1182.64,M007,Payments,550000,0,0
TXN00229,U0157,Stripe Ltd,2024-01-02,6778.17,GBP,failed,bnpl,US,14.0,8608.28,M003,Payments,600000,1,0
TXN00230,U0164,Adyen NV,2024-01-19,3092.0,EUR,refunded,bank_transfer,US,75.0,3339.36,M007,Payments,550000,0,1
TXN00231,U0104,Razorpay,2024-06-10,4851.48,AUD,failed,bnpl,US,25.0,3153.46,M005,Payments,350000,0,0
TXN00232,U0110,Klarna AB,2024-01-16,2195.31,EUR,refunded,wallet,US,74.0,2370.93,M008,BNPL,450000,0,1
TXN00234,U0084,PayU India,2024-01-18,2134.88,CAD,chargeback,wallet,US,15.0,1579.81,M004,Payments,300000,0,1
TXN00235,U0023,Razorpay,2024-01-09,751.64,USD,failed,debit_card,APAC,83.0,751.64,M005,Payments,350000,0,1
TXN00236,U0103,Klarna AB,2024-03-25,3945.29,GBP,pending,bnpl,US,51.0,5010.52,M008,BNPL,450000,0,0
TXN00237,U0172,Amazon Payments,2024-01-19,1088.73,JPY,failed,upi,APAC,74.0,7.29,M002,E-commerce,800000,0,1
TXN00238,U0025,Klarna AB,2024-05-11,173.85,JPY,chargeback,debit_card,EU,17.0,1.16,M008,BNPL,450000,0,1
TXN00239,U0048,Klarna AB,2024-03-01,3210.91,CAD,pending,wallet,APAC,53.0,2376.07,M008,BNPL,450000,0,0
TXN00240,U0036,Shopify Inc,2024-03-12,684.8,USD,captured,credit_card,EU,20.0,684.8,M001,E-commerce,500000,0,0
TXN00241,U0123,Square Inc,2024-06-20,8563.25,JPY,failed,bank_transfer,US,32.0,57.37,M006,POS,400000,0,0
TXN00242,U0083,Klarna AB,2024-05-04,9332.69,JPY,chargeback,debit_card,US,55.0,62.53,M008,BNPL,450000,0,1
TXN00243,U0064,PayU India,2024-02-24,7490.53,GBP,failed,bnpl,EU,77.0,9512.97,M004,Payments,300000,1,1
TXN00244,U0002,Shopify Inc,2024-05-18,1486.86,AUD,failed,wallet,US,30.0,966.46,M001,E-commerce,500000,0,0
TXN00245,U0067,Amazon Payments,2024-02-03,146.73,INR,chargeback,bnpl,EU,46.0,1.76,M002,E-commerce,800000,0,1
TXN00246,U0099,Razorpay,2024-05-26,8006.57,GBP,failed,upi,APAC,53.0,10168.34,M005,Payments,350000,1,0
TXN00247,U0061,Stripe Ltd,2024-05-27,1776.81,SGD,refunded,debit_card,,16.0,1314.84,M003,Payments,600000,0,0
TXN00248,U0115,Shopify Inc,2024-05-01,10302.53,SGD,pending,bnpl,US,92.0,7623.87,M001,E-commerce,500000,1,1
TXN00249,U0193,PayU India,2024-03-03,10041.21,CAD,refunded,wallet,US,52.0,7430.5,M004,Payments,300000,1,0
TXN00250,U0069,Adyen NV,2024-05-01,5852.16,GBP,chargeback,bnpl,,55.0,7432.24,M007,Payments,550000,0,1
TXN00251,U0085,Adyen NV,2024-04-14,1146.33,USD,refunded,credit_card,US,94.0,1146.33,M007,Payments,550000,0,1
TXN00252,U0078,Adyen NV,2024-02-18,1558.88,INR,captured,debit_card,EU,87.0,18.71,M007,Payments,550000,0,1
TXN00253,U0150,Razorpay,2024-01-25,5814.18,SGD,captured,wallet,APAC,52.0,4302.49,M005,Payments,350000,0,0
TXN00254,U0186,PayU India,2024-01-25,1243.44,CAD,refunded,debit_card,APAC,50.0,920.15,M004,Payments,300000,0,0
TXN00255,U0147,Shopify Inc,2024-06-17,657.16,JPY,refunded,bnpl,EU,49.0,4.4,M001,E-commerce,500000,0,0
TXN00256,U0003,Adyen NV,2024-04-20,2541.21,CAD,pending,wallet,US,99.0,1880.5,M007,Payments,550000,0,1
TXN00257,U0067,Stripe Ltd,2024-03-31,8353.88,USD,refunded,bank_transfer,,26.0,8353.88,M003,Payments,600000,0,0
TXN00258,U0168,Razorpay,2024-04-18,3672.48,EUR,captured,wallet,APAC,20.0,3966.28,M005,Payments,350000,0,0
TXN00259,U0093,Square Inc,2024-04-15,2632.34,SGD,failed,wallet,EU,58.0,1947.93,M006,POS,400000,0,0
TXN00260,U0178,Stripe Ltd,2024-04-29,406.68,JPY,refunded,wallet,US,52.0,2.72,M003,Payments,600000,0,0
TXN00261,U0061,PayU India,2024-01-14,2963.59,GBP,chargeback,upi,APAC,95.0,3763.76,M004,Payments,300000,0,1
TXN00262,U0016,Square Inc,2024-06-21,13931.71,JPY,captured,wallet,US,97.0,93.34,M006,POS,400000,0,1
TXN00263,U0171,Razorpay,2024-06-16,552.76,INR,chargeback,bank_transfer,APAC,21.0,6.63,M005,Payments,350000,0,1
TXN00264,U0031,Razorpay,2024-06-14,2291.49,INR,refunded,credit_card,US,64.0,27.5,M005,Payments,350000,0,0
TXN00265,U0120,Amazon Payments,2024-01-26,6395.83,USD,captured,,APAC,12.0,6395.83,M002,E-commerce,800000,1,0
TXN00266,U0079,Klarna AB,2024-01-16,4150.1,JPY,failed,credit_card,APAC,33.0,27.81,M008,BNPL,450000,0,0
TXN00268,U0104,Klarna AB,2024-03-27,3736.86,CAD,chargeback,upi,APAC,72.0,2765.28,M008,BNPL,450000,0,1
TXN00269,U0176,Razorpay,2024-01-28,1436.48,CAD,failed,upi,US,27.0,1063.0,M005,Payments,350000,0,0
TXN00270,U0129,Shopify Inc,2024-03-04,1142.69,AUD,refunded,upi,EU,47.0,742.75,M001,E-commerce,500000,0,0
TXN00271,U0181,Adyen NV,2024-02-19,5072.12,AUD,failed,credit_card,EU,22.0,3296.88,M007,Payments,550000,0,0
TXN00272,U0198,PayU India,2024-02-18,5083.98,JPY,refunded,bank_transfer,EU,79.0,34.06,M004,Payments,300000,0,1
TXN00273,U0080,Stripe Ltd,2024-05-17,6153.85,SGD,refunded,debit_card,EU,77.0,4553.85,M003,Payments,600000,0,1
TXN00274,U0177,Klarna AB,2024-04-24,7433.85,GBP,chargeback,upi,EU,75.0,9440.99,M008,BNPL,450000,1,1
TXN00275,U0031,Shopify Inc,2024-02-05,2248.28,USD,pending,credit_card,EU,89.0,2248.28,M001,E-commerce,500000,0,1
TXN00276,U0164,Shopify Inc,2024-04-18,2188.55,AUD,pending,bnpl,EU,58.0,1422.56,M001,E-commerce,500000,0,0
TXN00277,U0076,Stripe Ltd,2024-02-16,4902.85,INR,captured,bank_transfer,EU,33.0,58.83,M003,Payments,600000,0,0
TXN00278,U0095,Amazon Payments,2024-03-12,3249.16,USD,chargeback,upi,APAC,89.0,3249.16,M002,E-commerce,800000,0,1
TXN00280,U0057,Klarna AB,2024-03-04,4865.86,USD,failed,bank_transfer,APAC,15.0,4865.86,M008,BNPL,450000,0,0
TXN00281,U0057,Adyen NV,2024-01-20,6721.97,CAD,chargeback,credit_card,US,96.0,4974.26,M007,Payments,550000,0,1
TXN00282,U0035,Amazon Payments,2024-04-23,1337.45,AUD,pending,debit_card,US,66.0,869.34,M002,E-commerce,800000,0,0
TXN00283,U0123,Klarna AB,2024-05-20,1512.81,INR,pending,debit_card,EU,67.0,18.15,M008,BNPL,450000,0,0
TXN00284,U0040,Razorpay,2024-01-26,396.09,GBP,pending,debit_card,APAC,40.0,503.03,M005,Payments,350000,0,0
TXN00285,U0117,PayU India,2024-01-13,2690.24,EUR,captured,wallet,EU,70.0,2905.46,M004,Payments,300000,0,1
TXN00286,U0192,PayU India,2024-06-15,209.81,INR,chargeback,bank_transfer,EU,34.0,2.52,M004,Payments,300000,0,1
TXN00287,U0156,Amazon Payments,2024-05-18,1979.82,INR,refunded,upi,US,83.0,23.76,M002,E-commerce,800000,0,1
TXN00288,U0096,Shopify Inc,2024-01-04,2446.88,SGD,refunded,bank_transfer,EU,69.0,1810.69,M001,E-commerce,500000,0,0
TXN00289,U0107,Shopify Inc,2024-01-24,1112.89,USD,refunded,debit_card,APAC,58.0,1112.89,M001,E-commerce,500000,0,0
TXN00290,U0180,PayU India,2024-03-01,2780.9,INR,captured,wallet,US,63.0,33.37,M004,Payments,300000,0,0
TXN00291,U0141,Razorpay,2024-02-12,192.93,JPY,pending,bnpl,APAC,35.0,1.29,M005,Payments,350000,0,0
TXN00293,U0194,Stripe Ltd,2024-05-04,5288.05,GBP,chargeback,credit_card,APAC,16.0,6715.82,M003,Payments,600000,1,1
TXN00294,U0138,Amazon Payments,2024-05-03,1439.76,GBP,failed,bank_transfer,EU,57.0,1828.5,M002,E-commerce,800000,0,0
TXN00295,U0171,Amazon Payments,2024-02-24,507.67,INR,chargeback,wallet,US,23.0,6.09,M002,E-commerce,800000,0,1
TXN00296,U0056,Shopify Inc,2024-04-12,2315.96,AUD,refunded,bnpl,APAC,76.0,1505.37,M001,E-commerce,500000,0,1
TXN00298,U0064,Razorpay,2024-02-12,829.35,USD,failed,wallet,APAC,50.0,829.35,M005,Payments,350000,0,0
TXN00299,U0175,Razorpay,2024-04-07,3025.66,AUD,pending,bnpl,APAC,75.0,1966.68,M005,Payments,350000,0,1
TXN00300,U0194,Square Inc,2024-01-01,367.63,GBP,pending,credit_card,APAC,65.0,466.89,M006,POS,400000,0,0
TXN00301,U0153,Square Inc,2024-04-09,259.2,,failed,credit_card,APAC,50.0,259.2,M006,POS,400000,0,0
TXN00302,U0021,Square Inc,2024-03-08,2373.73,CAD,chargeback,bank_transfer,US,54.0,1756.56,M006,POS,400000,0,1
TXN00303,U0135,Razorpay,2024-04-26,2433.73,SGD,captured,wallet,EU,63.0,1800.96,M005,Payments,350000,0,0
TXN00304,U0115,Amazon Payments,2024-03-14,3143.61,GBP,refunded,debit_card,EU,55.0,3992.38,M002,E-commerce,800000,0,0
TXN00305,U0136,Shopify Inc,2024-04-18,3984.88,CAD,refunded,debit_card,EU,59.0,2948.81,M001,E-commerce,500000,0,0
TXN00306,U0181,Shopify Inc,2024-06-27,11270.67,USD,refunded,upi,APAC,57.0,11270.67,M001,E-commerce,500000,1,0
TXN00307,U0093,PayU India,2024-05-22,2278.87,EUR,chargeback,debit_card,US,50.0,2461.18,M004,Payments,300000,0,1
TXN00308,U0020,Square Inc,2024-06-18,1270.06,USD,captured,bank_transfer,US,93.0,1270.06,M006,POS,400000,0,1
TXN00309,U0145,Shopify Inc,2024-05-04,4856.96,INR,chargeback,credit_card,US,28.0,58.28,M001,E-commerce,500000,0,1
TXN00310,U0029,Adyen NV,2024-02-09,1047.55,INR,pending,debit_card,,46.0,12.57,M007,Payments,550000,0,0
TXN00311,U0016,Adyen NV,2024-02-18,1833.95,USD,chargeback,upi,APAC,70.0,1833.95,M007,Payments,550000,0,1
TXN00312,U0141,PayU India,2024-03-16,345.12,CAD,chargeback,bank_transfer,US,27.0,255.39,M004,Payments,300000,0,1
TXN00313,U0130,Razorpay,2024-02-25,177.03,USD,chargeback,bnpl,US,70.0,177.03,M005,Payments,350000,0,1
TXN00314,U0052,Shopify Inc,2024-01-15,9962.14,AUD,failed,bank_transfer,EU,10.0,6475.39,M001,E-commerce,500000,1,0
TXN00315,U0147,PayU India,2024-05-28,5523.3,INR,refunded,bank_transfer,EU,12.0,66.28,M004,Payments,300000,0,0
TXN00316,U0138,Razorpay,2024-05-18,3671.93,GBP,captured,bank_transfer,APAC,29.0,4663.35,M005,Payments,350000,0,0
TXN00317,U0039,Razorpay,2024-01-16,1677.58,AUD,refunded,bank_transfer,US,87.0,1090.43,M005,Payments,350000,0,1
TXN00318,U0043,Shopify Inc,2024-03-21,670.92,GBP,pending,bank_transfer,EU,24.0,852.07,M001,E-commerce,500000,0,0
TXN00319,U0084,Klarna AB,2024-01-15,610.36,AUD,pending,credit_card,APAC,40.0,396.73,M008,BNPL,450000,0,0
TXN00320,U0134,Square Inc,2024-01-13,964.02,USD,failed,credit_card,APAC,16.0,964.02,M006,POS,400000,0,0
TXN00321,U0114,Stripe Ltd,2024-05-29,2490.37,USD,pending,upi,US,91.0,2490.37,M003,Payments,600000,0,1
TXN00322,U0030,Adyen NV,2024-05-02,3861.55,GBP,refunded,debit_card,US,68.0,4904.17,M007,Payments,550000,0,0
TXN00323,U0175,Square Inc,2024-05-08,3338.17,GBP,failed,bnpl,US,55.0,4239.48,M006,POS,400000,0,0
TXN00324,U0053,Amazon Payments,2024-05-15,1085.24,EUR,pending,wallet,APAC,12.0,1172.06,M002,E-commerce,800000,0,0
TXN00326,U0150,Razorpay,2024-01-15,4117.05,EUR,failed,wallet,US,28.0,4446.41,M005,Payments,350000,0,0
TXN00327,U0126,Amazon Payments,2024-05-10,2524.69,AUD,refunded,upi,US,10.0,1641.05,M002,E-commerce,800000,0,0
TXN00328,U0024,Amazon Payments,2024-01-21,2938.09,JPY,failed,debit_card,US,40.0,19.69,M002,E-commerce,800000,0,0
TXN00329,U0131,Stripe Ltd,2024-02-17,1732.11,EUR,failed,credit_card,US,33.0,1870.68,M003,Payments,600000,0,0
TXN00330,U0115,PayU India,2024-01-18,953.98,AUD,pending,bnpl,US,20.0,620.09,M004,Payments,300000,0,0
TXN00331,U0015,Stripe Ltd,2024-06-01,1420.04,SGD,chargeback,credit_card,EU,56.0,1050.83,M003,Payments,600000,0,1
TXN00332,U0117,Square Inc,2024-01-18,4354.55,AUD,captured,bnpl,APAC,55.0,2830.46,M006,POS,400000,0,0
TXN00334,U0132,Shopify Inc,2024-03-01,470.14,GBP,refunded,debit_card,EU,59.0,597.08,M001,E-commerce,500000,0,0
TXN00335,U0107,Amazon Payments,2024-04-13,241.28,,pending,debit_card,EU,15.0,241.28,M002,E-commerce,800000,0,0
TXN00336,U0117,Razorpay,2024-01-31,224.74,CAD,refunded,bnpl,APAC,57.0,166.31,M005,Payments,350000,0,0
TXN00337,U0145,Stripe Ltd,2024-05-25,5902.61,AUD,failed,wallet,APAC,12.0,3836.7,M003,Payments,600000,0,0
TXN00338,U0015,Razorpay,2024-03-04,3748.72,GBP,refunded,wallet,APAC,18.0,4760.87,M005,Payments,350000,0,0
TXN00339,U0144,PayU India,2024-05-28,2028.35,AUD,chargeback,debit_card,APAC,94.0,1318.43,M004,Payments,300000,0,1
TXN00340,U0119,Square Inc,2024-06-01,408.87,INR,refunded,credit_card,APAC,84.0,4.91,M006,POS,400000,0,1
TXN00341,U0173,Shopify Inc,2024-01-11,2129.55,GBP,captured,bank_transfer,EU,52.0,2704.53,M001,E-commerce,500000,0,0
TXN00342,U0079,PayU India,2024-06-07,2024.35,JPY,captured,upi,US,55.0,13.56,M004,Payments,300000,0,0
TXN00343,U0186,Stripe Ltd,2024-01-21,670.58,SGD,captured,upi,APAC,92.0,496.23,M003,Payments,600000,0,1
TXN00344,U0006,Stripe Ltd,2024-04-17,1806.7,SGD,chargeback,wallet,US,97.0,1336.96,M003,Payments,600000,0,1
TXN00345,U0102,Klarna AB,2024-06-17,1625.01,GBP,refunded,debit_card,APAC,99.0,2063.76,M008,BNPL,450000,0,1
TXN00346,U0066,Adyen NV,2024-05-29,2970.17,GBP,refunded,credit_card,US,33.0,3772.12,M007,Payments,550000,0,0
TXN00347,U0001,Square Inc,2024-05-24,3124.34,USD,pending,credit_card,US,18.0,3124.34,M006,POS,400000,0,0
TXN00348,U0191,Adyen NV,2024-05-13,239.09,JPY,captured,wallet,US,68.0,1.6,M007,Payments,550000,0,0
TXN00349,U0056,Adyen NV,2024-03-21,1508.15,USD,captured,wallet,US,50.0,1508.15,M007,Payments,550000,0,0
TXN00350,U0149,Stripe Ltd,2024-03-07,3049.37,GBP,refunded,bank_transfer,EU,50.0,3872.7,M003,Payments,600000,0,0
TXN00351,U0019,Razorpay,2024-02-22,2198.32,AUD,refunded,bnpl,APAC,50.0,1428.91,M005,Payments,350000,0,0
TXN00352,U0012,Amazon Payments,2024-06-20,5924.05,INR,captured,upi,US,75.0,71.09,M002,E-commerce,800000,0,1
TXN00353,U0109,Amazon Payments,2024-03-21,3324.92,EUR,pending,upi,EU,79.0,3590.91,M002,E-commerce,800000,0,1
TXN00354,U0089,PayU India,2024-03-02,633.56,CAD,pending,upi,EU,14.0,468.83,M004,Payments,300000,0,0
TXN00355,U0180,Shopify Inc,2024-03-08,319.55,GBP,captured,wallet,US,34.0,405.83,M001,E-commerce,500000,0,0
TXN00356,U0017,Razorpay,2024-04-11,3185.18,AUD,pending,bank_transfer,EU,16.0,2070.37,M005,Payments,350000,0,0
TXN00357,U0139,PayU India,2024-02-03,180.61,EUR,failed,bnpl,APAC,52.0,195.06,M004,Payments,300000,0,0
TXN00358,U0016,Adyen NV,2024-06-20,2744.04,INR,chargeback,debit_card,APAC,57.0,32.93,M007,Payments,550000,0,1
TXN00359,U0018,Razorpay,2024-06-14,8551.77,AUD,refunded,wallet,APAC,61.0,5558.65,M005,Payments,350000,1,0
TXN00360,U0121,PayU India,2024-03-17,2670.35,AUD,captured,bank_transfer,US,59.0,1735.73,M004,Payments,300000,0,0
TXN00362,U0074,PayU India,2024-03-21,3192.48,EUR,chargeback,debit_card,US,73.0,3447.88,M004,Payments,300000,0,1
TXN00363,U0105,Razorpay,2024-01-19,1938.87,AUD,failed,debit_card,APAC,76.0,1260.27,M005,Payments,350000,0,1
TXN00364,U0047,Adyen NV,2024-01-03,2466.44,CAD,captured,bank_transfer,EU,20.0,1825.17,M007,Payments,550000,0,0
TXN00365,U0197,Adyen NV,2024-04-27,8614.38,USD,refunded,credit_card,US,20.0,8614.38,M007,Payments,550000,1,0
TXN00366,U0035,Amazon Payments,2024-06-08,1563.78,SGD,refunded,debit_card,APAC,33.0,1157.2,M002,E-commerce,800000,0,0
TXN00367,U0197,PayU India,2024-05-24,9847.28,INR,refunded,debit_card,APAC,51.0,118.17,M004,Payments,300000,0,0
TXN00368,U0165,PayU India,2024-01-26,7172.73,INR,failed,bnpl,EU,51.0,86.07,M004,Payments,300000,0,0
TXN00369,U0187,Adyen NV,2024-01-19,753.69,EUR,captured,debit_card,US,49.0,813.99,M007,Payments,550000,0,0
TXN00370,U0166,Klarna AB,2024-05-17,315.65,AUD,chargeback,debit_card,EU,64.0,205.17,M008,BNPL,450000,0,1
TXN00371,U0108,Stripe Ltd,2024-02-24,418.68,SGD,failed,bnpl,EU,66.0,309.82,M003,Payments,600000,0,0
TXN00372,U0096,Square Inc,2024-05-09,155.17,EUR,failed,credit_card,US,15.0,167.58,M006,POS,400000,0,0
TXN00373,U0098,PayU India,2024-03-08,397.62,USD,captured,upi,APAC,55.0,397.62,M004,Payments,300000,0,0
TXN00374,U0115,Amazon Payments,2024-02-03,3546.62,USD,failed,upi,APAC,65.0,3546.62,M002,E-commerce,800000,0,0
TXN00375,U0097,Razorpay,2024-03-30,321.55,JPY,chargeback,debit_card,US,17.0,2.15,M005,Payments,350000,0,1
TXN00376,U0097,PayU India,2024-01-18,1252.47,CAD,refunded,credit_card,US,55.0,926.83,M004,Payments,300000,0,0
TXN00377,U0021,PayU India,2024-03-03,5690.58,JPY,chargeback,wallet,US,96.0,38.13,M004,Payments,300000,0,1
TXN00378,U0175,Klarna AB,2024-04-04,170.64,GBP,captured,bnpl,US,13.0,216.71,M008,BNPL,450000,0,0
TXN00379,U0170,Klarna AB,2024-03-13,5153.59,JPY,captured,bnpl,APAC,87.0,34.53,M008,BNPL,450000,0,1
TXN00381,U0035,Square Inc,2024-04-22,477.25,JPY,chargeback,bank_transfer,APAC,25.0,3.2,M006,POS,400000,0,1
TXN00382,U0168,Adyen NV,2024-05-19,3679.47,AUD,failed,bnpl,US,92.0,2391.66,M007,Payments,550000,0,1
TXN00383,U0090,Stripe Ltd,2024-03-18,3074.2,JPY,chargeback,wallet,EU,59.0,20.6,M003,Payments,600000,0,1
TXN00384,U0031,PayU India,2024-06-05,6398.25,EUR,chargeback,upi,EU,14.0,6910.11,M004,Payments,300000,1,1
TXN00385,U0046,Razorpay,2024-06-16,4084.88,CAD,refunded,upi,EU,96.0,3022.81,M005,Payments,350000,0,1
TXN00386,U0138,Stripe Ltd,2024-05-15,4980.99,INR,failed,credit_card,EU,57.0,59.77,M003,Payments,600000,0,0
TXN00387,U0101,Razorpay,2024-01-03,1094.0,GBP,pending,upi,APAC,19.0,1389.38,M005,Payments,350000,0,0
TXN00388,U0136,PayU India,2024-06-19,686.0,CAD,chargeback,credit_card,APAC,77.0,507.64,M004,Payments,300000,0,1
TXN00389,U0033,Amazon Payments,2024-05-21,4266.27,EUR,captured,bnpl,US,50.0,4607.57,M002,E-commerce,800000,0,0
TXN00390,U0187,Adyen NV,2024-03-17,5032.63,USD,chargeback,credit_card,US,41.0,5032.63,M007,Payments,550000,0,1
TXN00391,U0058,Stripe Ltd,2024-06-18,14071.01,SGD,captured,bnpl,US,13.0,10412.55,M003,Payments,600000,1,0
TXN00392,U0001,Adyen NV,2024-01-27,1696.24,USD,captured,credit_card,EU,73.0,1696.24,M007,Payments,550000,0,1
TXN00393,U0194,Square Inc,2024-02-04,1495.73,AUD,failed,credit_card,EU,81.0,972.22,M006,POS,400000,0,1
TXN00394,U0006,Amazon Payments,2024-03-08,4593.86,SGD,pending,bnpl,EU,43.0,3399.46,M002,E-commerce,800000,0,0
TXN00395,U0077,Klarna AB,2024-01-30,1350.2,EUR,captured,credit_card,US,37.0,1458.22,M008,BNPL,450000,0,0
TXN00396,U0119,Square Inc,2024-01-28,8110.41,EUR,captured,bank_transfer,US,46.0,8759.24,M006,POS,400000,1,0
TXN00397,U0173,Shopify Inc,2024-05-21,5964.52,AUD,chargeback,bank_transfer,US,72.0,3876.94,M001,E-commerce,500000,0,1
TXN00398,U0185,Klarna AB,2024-02-09,1781.07,GBP,failed,bank_transfer,APAC,27.0,2261.96,M008,BNPL,450000,0,0
TXN00399,U0140,Razorpay,2024-03-10,4269.35,JPY,pending,credit_card,APAC,67.0,28.6,M005,Payments,350000,0,0
TXN00400,U0109,Klarna AB,2024-03-13,4313.9,GBP,chargeback,upi,APAC,66.0,5478.65,M008,BNPL,450000,1,1
TXN00401,U0137,Stripe Ltd,2024-06-03,426.51,EUR,pending,wallet,US,97.0,460.63,M003,Payments,600000,0,1
TXN00402,U0098,Razorpay,2024-02-23,7085.34,EUR,captured,bank_transfer,EU,50.0,7652.17,M005,Payments,350000,1,0
TXN00403,U0059,PayU India,2024-03-28,2211.12,AUD,captured,bnpl,US,18.0,1437.23,M004,Payments,300000,0,0
TXN00404,U0064,Klarna AB,2024-02-22,5354.0,CAD,chargeback,debit_card,EU,47.0,3961.96,M008,BNPL,450000,0,1
TXN00405,U0118,Shopify Inc,2024-06-24,1257.21,USD,failed,debit_card,US,30.0,1257.21,M001,E-commerce,500000,0,0
TXN00406,U0089,Razorpay,2024-06-11,6876.37,JPY,refunded,bnpl,,99.0,46.07,M005,Payments,350000,0,1
TXN00407,U0040,Klarna AB,2024-03-08,1578.97,GBP,captured,bnpl,APAC,56.0,2005.29,M008,BNPL,450000,0,0
TXN00408,U0071,Square Inc,2024-05-09,132.69,JPY,refunded,bnpl,EU,25.0,0.89,M006,POS,400000,0,0
TXN00409,U0049,Amazon Payments,2024-05-05,7173.72,GBP,pending,credit_card,EU,27.0,9110.62,M002,E-commerce,800000,1,0
TXN00410,U0186,Adyen NV,2024-03-05,387.18,USD,chargeback,wallet,US,73.0,387.18,M007,Payments,550000,0,1
TXN00411,U0196,PayU India,2024-01-14,1253.96,EUR,captured,bank_transfer,EU,55.0,1354.28,M004,Payments,300000,0,0
TXN00412,U0029,Stripe Ltd,2024-01-24,9090.92,AUD,pending,bnpl,US,69.0,5909.1,M003,Payments,600000,0,0
TXN00413,U0009,Stripe Ltd,2024-06-11,9123.85,INR,captured,credit_card,EU,80.0,109.49,M003,Payments,600000,0,1
TXN00414,U0170,Klarna AB,2024-04-18,2655.99,INR,failed,bnpl,US,21.0,31.87,M008,BNPL,450000,0,0
TXN00415,U0108,Amazon Payments,2024-03-11,3097.69,JPY,pending,upi,EU,55.0,20.75,M002,E-commerce,800000,0,0
TXN00416,U0158,Klarna AB,2024-01-12,1885.04,SGD,captured,wallet,EU,71.0,1394.93,M008,BNPL,450000,0,1
TXN00417,U0197,Razorpay,2024-01-01,1141.07,SGD,chargeback,upi,APAC,62.0,844.39,M005,Payments,350000,0,1
TXN00418,U0005,Razorpay,2024-03-26,1295.46,SGD,refunded,upi,APAC,19.0,958.64,M005,Payments,350000,0,0
TXN00419,U0062,Shopify Inc,2024-02-03,3448.97,INR,captured,,EU,50.0,41.39,M001,E-commerce,500000,0,0
TXN00420,U0053,Razorpay,2024-06-12,4287.51,EUR,captured,debit_card,EU,67.0,4630.51,M005,Payments,350000,0,0
TXN00421,U0018,Adyen NV,2024-03-08,4804.59,USD,failed,bank_transfer,US,76.0,4804.59,M007,Payments,550000,0,1
TXN00422,U0026,Square Inc,2024-02-11,4776.49,JPY,failed,credit_card,EU,80.0,32.0,M006,POS,400000,0,1
TXN00423,U0153,Adyen NV,2024-04-23,386.91,CAD,refunded,upi,EU,33.0,286.31,M007,Payments,550000,0,0
TXN00424,U0009,Razorpay,2024-05-21,2146.15,GBP,failed,bnpl,APAC,26.0,2725.61,M005,Payments,350000,0,0
TXN00426,U0154,Square Inc,2024-05-23,2492.38,AUD,pending,credit_card,US,76.0,1620.05,M006,POS,400000,0,1
TXN00427,U0173,Klarna AB,2024-01-03,1847.67,USD,refunded,wallet,EU,31.0,1847.67,M008,BNPL,450000,0,0
TXN00429,U0013,Square Inc,2024-01-20,1396.57,EUR,refunded,credit_card,EU,76.0,1508.3,M006,POS,400000,0,1
TXN00430,U0063,Shopify Inc,2024-06-25,473.52,SGD,refunded,bank_transfer,APAC,20.0,350.4,M001,E-commerce,500000,0,0
TXN00431,U0190,PayU India,2024-02-08,562.92,CAD,captured,debit_card,EU,91.0,416.56,M004,Payments,300000,0,1
TXN00432,U0012,Klarna AB,2024-05-19,4400.29,INR,chargeback,upi,EU,45.0,52.8,M008,BNPL,450000,0,1
TXN00433,U0103,Square Inc,2024-01-10,2988.72,EUR,chargeback,debit_card,US,48.0,3227.82,M006,POS,400000,0,1
TXN00434,U0113,Adyen NV,2024-04-04,419.83,USD,captured,wallet,EU,21.0,419.83,M007,Payments,550000,0,0
TXN00435,U0060,Adyen NV,2024-05-29,363.57,INR,captured,upi,APAC,31.0,4.36,M007,Payments,550000,0,0
TXN00436,U0139,Shopify Inc,2024-05-21,3721.63,GBP,pending,debit_card,APAC,84.0,4726.47,M001,E-commerce,500000,0,1
TXN00437,U0056,Amazon Payments,2024-02-07,326.64,SGD,chargeback,wallet,APAC,94.0,241.71,M002,E-commerce,800000,0,1
TXN00438,U0194,Stripe Ltd,2024-04-20,5275.56,EUR,captured,bnpl,EU,87.0,5697.6,M003,Payments,600000,0,1
TXN00439,U0199,Klarna AB,2024-02-02,3775.0,CAD,chargeback,bank_transfer,EU,82.0,2793.5,M008,BNPL,450000,0,1
TXN00440,U0015,Klarna AB,2024-01-11,354.55,EUR,chargeback,wallet,APAC,25.0,382.91,M008,BNPL,450000,0,1
TXN00441,U0036,PayU India,2024-03-19,365.96,SGD,captured,debit_card,APAC,55.0,270.81,M004,Payments,300000,0,0
TXN00442,U0129,Amazon Payments,2024-04-03,13046.38,JPY,pending,credit_card,US,36.0,87.41,M002,E-commerce,800000,0,0
TXN00443,U0075,Adyen NV,2024-01-11,1506.51,CAD,failed,upi,US,63.0,1114.82,M007,Payments,550000,0,0
TXN00444,U0060,Adyen NV,2024-04-01,1489.17,CAD,chargeback,bank_transfer,US,13.0,1101.99,M007,Payments,550000,0,1
TXN00445,U0188,Shopify Inc,2024-02-23,5126.73,SGD,failed,debit_card,,90.0,3793.78,M001,E-commerce,500000,0,1
TXN00446,U0148,Adyen NV,2024-06-23,8926.49,EUR,chargeback,bnpl,US,92.0,9640.61,M007,Payments,550000,1,1
TXN00447,U0082,Adyen NV,2024-03-04,12906.32,JPY,chargeback,bank_transfer,APAC,71.0,86.47,M007,Payments,550000,0,1
TXN00448,U0148,Klarna AB,2024-06-19,4299.7,GBP,captured,wallet,EU,97.0,5460.62,M008,BNPL,450000,0,1
TXN00449,U0154,Adyen NV,2024-01-27,1516.06,AUD,refunded,debit_card,EU,68.0,985.44,M007,Payments,550000,0,0
TXN00450,U0198,Razorpay,2024-03-31,361.58,JPY,pending,credit_card,US,25.0,2.42,M005,Payments,350000,0,0
TXN00451,U0173,PayU India,2024-05-23,4603.73,AUD,chargeback,credit_card,US,63.0,2992.42,M004,Payments,300000,0,1
TXN00453,U0061,Amazon Payments,2024-06-07,1756.1,CAD,pending,credit_card,APAC,28.0,1299.51,M002,E-commerce,800000,0,0
TXN00454,U0078,Shopify Inc,2024-02-09,7204.71,USD,refunded,credit_card,US,50.0,7204.71,M001,E-commerce,500000,1,0
TXN00455,U0037,Amazon Payments,2024-03-01,453.64,SGD,failed,upi,,54.0,335.69,M002,E-commerce,800000,0,0
TXN00456,U0170,Stripe Ltd,2024-02-11,2135.52,CAD,captured,bnpl,EU,26.0,1580.28,M003,Payments,600000,0,0
TXN00457,U0134,Stripe Ltd,2024-02-15,134.26,CAD,refunded,bank_transfer,US,75.0,99.35,M003,Payments,600000,0,1
TXN00458,U0057,Square Inc,2024-04-15,1997.06,SGD,captured,debit_card,APAC,50.0,1477.82,M006,POS,400000,0,0
TXN00459,U0106,Klarna AB,2024-01-07,273.85,INR,captured,credit_card,EU,25.0,3.29,M008,BNPL,450000,0,0
TXN00460,U0077,Square Inc,2024-02-15,479.47,,refunded,upi,APAC,41.0,479.47,M006,POS,400000,0,0
TXN00461,U0071,Square Inc,2024-03-26,475.08,USD,captured,credit_card,APAC,16.0,475.08,M006,POS,400000,0,0
TXN00462,U0016,Adyen NV,2024-04-15,3242.71,GBP,chargeback,bnpl,APAC,59.0,4118.24,M007,Payments,550000,0,1
TXN00463,U0143,Klarna AB,2024-06-20,4211.79,EUR,chargeback,bnpl,US,63.0,4548.73,M008,BNPL,450000,0,1
TXN00464,U0152,Adyen NV,2024-03-04,2726.66,EUR,pending,credit_card,EU,30.0,2944.79,M007,Payments,550000,0,0
TXN00465,U0189,Stripe Ltd,2024-03-09,9924.16,AUD,failed,,APAC,83.0,6450.7,M003,Payments,600000,1,1
TXN00466,U0045,Razorpay,2024-02-10,1509.39,JPY,pending,bnpl,EU,34.0,10.11,M005,Payments,350000,0,0
TXN00467,U0161,PayU India,2024-06-28,1109.41,INR,failed,debit_card,EU,73.0,13.31,M004,Payments,300000,0,1
TXN00468,U0174,Razorpay,2024-01-28,6188.51,USD,refunded,bank_transfer,US,69.0,6188.51,M005,Payments,350000,0,0
TXN00469,U0110,Razorpay,2024-04-07,859.25,JPY,captured,wallet,APAC,49.0,5.76,M005,Payments,350000,0,0
TXN00471,U0127,Adyen NV,2024-04-30,136.69,CAD,failed,bank_transfer,APAC,74.0,101.15,M007,Payments,550000,0,1
TXN00472,U0013,Klarna AB,2024-02-26,10607.58,INR,chargeback,credit_card,US,40.0,127.29,M008,BNPL,450000,0,1
TXN00473,U0089,Square Inc,2024-02-21,232.36,CAD,captured,credit_card,APAC,55.0,171.95,M006,POS,400000,0,0
TXN00474,U0165,Amazon Payments,2024-04-27,6753.16,SGD,failed,debit_card,EU,75.0,4997.34,M002,E-commerce,800000,0,1
TXN00475,U0172,PayU India,2024-03-30,2350.43,EUR,pending,credit_card,APAC,93.0,2538.46,M004,Payments,300000,0,1
TXN00476,U0098,Shopify Inc,2024-03-19,14970.49,JPY,chargeback,wallet,US,46.0,100.3,M001,E-commerce,500000,0,1
TXN00477,U0135,Square Inc,2024-02-28,329.98,USD,chargeback,wallet,EU,23.0,329.98,M006,POS,400000,0,1
TXN00478,U0082,Amazon Payments,2024-02-27,2521.33,GBP,chargeback,bnpl,US,43.0,3202.09,M002,E-commerce,800000,0,1
TXN00479,U0179,PayU India,2024-01-07,10550.73,EUR,chargeback,wallet,APAC,61.0,11394.79,M004,Payments,300000,1,1
TXN00480,U0107,Razorpay,2024-06-17,2321.33,CAD,failed,bank_transfer,US,61.0,1717.78,M005,Payments,350000,0,0
TXN00481,U0105,Shopify Inc,2024-02-19,3077.88,GBP,refunded,bnpl,APAC,55.0,3908.91,M001,E-commerce,500000,0,0
TXN00482,U0039,Amazon Payments,2024-04-12,3669.7,GBP,chargeback,credit_card,US,80.0,4660.52,M002,E-commerce,800000,0,1
TXN00483,U0077,Klarna AB,2024-03-25,1918.38,INR,captured,credit_card,US,59.0,23.02,M008,BNPL,450000,0,0
TXN00484,U0097,Amazon Payments,2024-03-12,3063.02,INR,refunded,credit_card,US,80.0,36.76,M002,E-commerce,800000,0,1
TXN00485,U0048,PayU India,2024-01-18,2733.48,GBP,refunded,credit_card,APAC,89.0,3471.52,M004,Payments,300000,0,1
TXN00486,U0194,PayU India,2024-03-12,7042.7,USD,chargeback,debit_card,EU,25.0,7042.7,M004,Payments,300000,1,1
TXN00487,U0138,PayU India,2024-03-30,239.53,JPY,refunded,bnpl,US,22.0,1.6,M004,Payments,300000,0,0
TXN00488,U0122,Razorpay,2024-06-13,1089.53,EUR,failed,bnpl,EU,53.0,1176.69,M005,Payments,350000,0,0
TXN00489,U0062,Stripe Ltd,2024-05-10,9111.99,JPY,failed,debit_card,APAC,56.0,61.05,M003,Payments,600000,0,0
TXN00490,U0058,Square Inc,2024-04-12,6729.03,INR,pending,wallet,EU,35.0,80.75,M006,POS,400000,0,0
TXN00491,U0077,Square Inc,2024-06-22,1924.53,GBP,chargeback,wallet,US,61.0,2444.15,M006,POS,400000,0,1
TXN00492,U0182,PayU India,2024-05-17,3003.8,SGD,pending,bank_transfer,EU,15.0,2222.81,M004,Payments,300000,0,0
TXN00493,U0037,Square Inc,2024-03-25,1074.62,AUD,failed,upi,EU,75.0,698.5,M006,POS,400000,0,1
TXN00494,U0119,Amazon Payments,2024-01-08,725.21,EUR,chargeback,wallet,EU,76.0,783.23,M002,E-commerce,800000,0,1
TXN00495,U0015,Razorpay,2024-01-30,1969.18,EUR,pending,bnpl,US,87.0,2126.71,M005,Payments,350000,0,1
TXN00497,U0106,Klarna AB,2024-02-15,2728.73,JPY,chargeback,wallet,APAC,88.0,18.28,M008,BNPL,450000,0,1
TXN00498,U0107,Razorpay,2024-05-28,342.77,AUD,captured,wallet,EU,60.0,222.8,M005,Payments,350000,0,0
TXN00499,U0143,PayU India,2024-03-08,11094.88,SGD,refunded,,APAC,48.0,8210.21,M004,Payments,300000,1,0
TXN00500,U0136,Shopify Inc,2024-01-10,12951.6,CAD,refunded,credit_card,APAC,74.0,9584.18,M001,E-commerce,500000,1,1
